sample_id,hole_id,depth_from,depth_to,core_length,cr_%,ni,fe,mgo,sio2,invalid_interval,overlap,ni_unrealistic,fe_unrealistic,mgo_unrealistic,issue_column,sio2_unrealistic
B1/E07-026/JAS/03,E07-026,1.3,2.12,0.82,1,0.17,5.93,44.82,87.8,False,False,False,False,True,mgo,
B1/E07-026/JAS/05,E07-026,3.0,4.0,1.0,1,0.64,7.17,45.66,44.3,False,False,False,False,True,mgo,
B1/E07-026/JAS/09,E07-026,6.25,7.0,0.75,1,0.22,5.3,55.25,43.58,False,False,False,False,True,mgo,
B1/E07-026/JAS/10,E07-026,7.0,8.0,1.0,1,0.26,5.79,42.67,42.59,False,False,False,False,True,mgo,
B1/E07-026/JAS/11,E07-026,8.0,9.0,1.0,1,0.24,5.51,40.95,43.07,False,False,False,False,True,mgo,
B1/E07-026/JAS/14,E07-026,10.0,11.0,1.0,1,0.25,5.49,40.03,41.36,False,False,False,False,True,mgo,
B1/E07-030/JAS/29,E07-030,21.65,22.1,0.45,1,0.27,5.67,40.54,43.56,False,False,False,False,True,mgo,
B1/E07-030/JAS/30,E07-030,22.1,22.5,0.4,1,0.27,5.67,40.54,43.56,False,False,False,False,True,mgo,
B1/E07-050/JAS/19,E07-050,13.24,14.0,0.76,1,0.27,5.49,41.38,39.9,False,False,False,False,True,mgo,
B1/E07-050/JAS/20,E07-050,14.0,15.0,1.0,1,0.28,6.58,40.97,39.44,False,False,False,False,True,mgo,
B1/E07-054/JAS/19,E07-054,18.0,19.0,1.0,1,0.26,5.27,41.09,42.67,False,False,False,False,True,mgo,
B1/E07-054/JAS/20,E07-054,19.0,19.5,0.5,1,0.27,5.26,40.64,42.82,False,False,False,False,True,mgo,
B1/E07-058/JAS/17,E07-058,10.0,11.0,1.0,1,0.24,5.18,40.21,44.48,False,False,False,False,True,mgo,
B1/E07-060/JAS/02,E07-060,0.5,1.0,0.5,1,0.27,5.39,44.61,41.34,False,False,False,False,True,mgo,
B1/E07-060/JAS/03,E07-060,1.0,2.0,1.0,1,0.27,5.44,44.24,41.65,False,False,False,False,True,mgo,
B1/E07-062/JAS/04,E07-062,1.6,2.0,0.4,1,0.57,13.35,43.94,41.2,False,False,False,False,True,mgo,
B1/E07-062/JAS/13,E07-062,9.0,10.0,1.0,1,0.3,5.26,40.17,40.81,False,False,False,False,True,mgo,
B1/E07-087/JAS/08,E07-087,6.6,7.16,0.56,1,0.42,6.46,40.46,39.67,False,False,False,False,True,mgo,
B1/E07-088/JAS/05,E07-088,4.0,5.0,1.0,1,1.07,10.06,41.48,40.24,False,False,False,False,True,mgo,
B1/E07-088/JAS/11,E07-088,8.7,9.6,0.9,1,0.46,6.03,41.56,41.06,False,False,False,False,True,mgo,
B1/E07-092/JAS/09,E07-092,5.0,6.0,1.0,1,0.28,6.02,46.87,43.83,False,False,False,False,True,mgo,
B1/E07-093/JAS/07,E07-093,5.46,6.0,0.54,1,0.56,7.52,43.38,41.57,False,False,False,False,True,mgo,
B1/E07-094/JAS/13,E07-094,9.0,10.0,1.0,1,0.28,6.29,42.24,43.76,False,False,False,False,True,mgo,
B1/E07-095/JAS/05,E07-095,4.0,4.6,0.6,1,0.56,6.02,40.2,41.24,False,False,False,False,True,mgo,
B1/E07-125/JAS/04,E07-125,2.0,3.0,1.0,1,0.32,6.36,42.73,41.32,False,False,False,False,True,mgo,
B1/E07-125/JAS/05,E07-125,3.0,4.0,1.0,1,0.32,6.36,42.73,41.32,False,False,False,False,True,mgo,
B1/E07-127/JAS/04,E07-127,2.5,3.5,1.0,1,0.47,5.99,40.92,41.14,False,False,False,False,True,mgo,
B1/E07-253/JAS/07,E07-253,6.0,7.0,1.0,1,0.3,6.5,40.16,44.8,False,False,False,False,True,mgo,
B1/E07-253/JAS/08,E07-253,7.0,8.0,1.0,1,0.27,5.9,41.94,45.38,False,False,False,False,True,mgo,
B1/E08-017/JAS/05,E08-017,2.5,2.8,0.3,1,0.26,5.4,41.7,42.37,False,False,False,False,True,mgo,
B1/E08-017/JAS/08,E08-017,4.0,5.0,1.0,1,0.26,5.59,41.8,43.56,False,False,False,False,True,mgo,
B1/E08-017/JAS/09,E08-017,5.0,6.0,1.0,1,0.26,5.79,40.37,44.39,False,False,False,False,True,mgo,
B1/E08-017/JAS/10,E08-017,6.0,6.79,0.79,1,0.23,5.34,43.45,46.33,False,False,False,False,True,mgo,
B1/E08-017/JAS/11,E08-017,6.79,7.0,0.21,1,0.24,5.81,40.47,44.79,False,False,False,False,True,mgo,
B1/E08-017/JAS/12,E08-017,7.0,7.18,0.18,1,0.24,4.91,42.8,43.55,False,False,False,False,True,mgo,
B1/E08-017/JAS/13,E08-017,7.18,8.0,0.82,1,0.25,5.34,42.34,44.06,False,False,False,False,True,mgo,
B1/E08-017/JAS/14,E08-017,8.0,9.0,1.0,1,0.22,4.92,41.73,44.61,False,False,False,False,True,mgo,
B1/E08-017/JAS/15,E08-017,9.0,9.47,0.47,1,0.24,5.19,41.04,45.29,False,False,False,False,True,mgo,
B1/E08-017/JAS/16,E08-017,9.47,9.74,0.27,1,0.24,5.14,42.92,41.64,False,False,False,False,True,mgo,
B1/E08-017/JAS/17,E08-017,9.74,10.0,0.26,1,0.26,5.58,41.45,43.56,False,False,False,False,True,mgo,
B1/E08-017/JAS/18,E08-017,10.0,11.0,1.0,1,0.25,5.32,41.4,44.41,False,False,False,False,True,mgo,
B1/E08-017/JAS/19,E08-017,11.0,12.0,1.0,1,0.24,5.14,41.82,43.26,False,False,False,False,True,mgo,
B1/E08-017/JAS/20,E08-017,12.0,13.0,1.0,1,0.23,5.11,42.61,43.6,False,False,False,False,True,mgo,
B1/E08-017/JAS/21,E08-017,13.0,14.0,1.0,1,0.23,5.04,41.33,43.91,False,False,False,False,True,mgo,
B1/E08-017/JAS/22,E08-017,14.0,15.0,1.0,1,0.25,5.13,40.79,44.34,False,False,False,False,True,mgo,
B1/E08-017/JAS/23,E08-017,15.0,15.6,0.6,1,0.24,4.59,44.05,43.93,False,False,False,False,True,mgo,
B1/E08-019/JAS/08,E08-019,6.79,7.0,0.21,1,0.26,5.5,41.35,41.9,False,False,False,False,True,mgo,
B1/E08-019/JAS/09,E08-019,7.0,8.0,1.0,1,0.27,6.01,40.08,42.77,False,False,False,False,True,mgo,
B1/E08-019/JAS/10,E08-019,8.0,9.0,1.0,1,0.27,5.97,40.43,42.64,False,False,False,False,True,mgo,
B1/E08-019/JAS/13,E08-019,10.0,11.0,1.0,1,0.29,6.32,42.3,42.77,False,False,False,False,True,mgo,
B1/E08-019/JAS/14,E08-019,11.0,11.23,0.23,1,0.28,5.86,40.07,43.21,False,False,False,False,True,mgo,
B1/E08-019/JAS/15,E08-019,11.23,12.0,0.77,1,0.26,5.6,40.41,42.09,False,False,False,False,True,mgo,
B1/E08-019/JAS/16,E08-019,12.0,13.0,0.5,0.5,0.26,5.56,41.14,42.12,False,False,False,False,True,mgo,
B1/E08-019/JAS/17,E08-019,13.0,14.0,1.0,1,0.27,5.65,40.95,43.89,False,False,False,False,True,mgo,
B1/E08-019/JAS/18,E08-019,14.0,15.0,1.0,1,0.26,5.29,41.63,43.74,False,False,False,False,True,mgo,
B1/E08-019/JAS/19,E08-019,15.0,15.42,0.42,1,0.25,5.28,43.87,42.39,False,False,False,False,True,mgo,
B1/E08-019/JAS/20,E08-019,15.42,15.7,0.28,1,0.3,5.38,40.68,42.65,False,False,False,False,True,mgo,
B1/E08-019/JAS/22,E08-019,16.0,16.24,0.24,1,0.33,5.77,40.72,43.14,False,False,False,False,True,mgo,
B1/E08-019/JAS/23,E08-019,16.24,16.5,0.26,1,0.33,5.77,40.72,43.14,False,False,False,False,True,mgo,
B1/E08-021/JAS/05,E08-021,3.0,4.0,1.0,1,0.43,6.41,40.69,43.9,False,False,False,False,True,mgo,
B1/E08-021/JAS/13,E08-021,11.0,12.0,1.0,1,0.28,6.02,40.6,42.68,False,False,False,False,True,mgo,
B1/E08-021/JAS/14,E08-021,12.0,13.0,1.0,1,0.28,5.61,40.67,42.69,False,False,False,False,True,mgo,
B1/E08-021/JAS/15,E08-021,13.0,14.0,1.0,1,0.28,5.61,40.67,42.69,False,False,False,False,True,mgo,
B1/E08-021/JAS/16,E08-021,14.0,14.25,0.25,1,0.28,5.61,40.67,42.69,False,False,False,False,True,mgo,
B1/E08-049/JAS/10,E08-049,8.0,9.0,1.0,1,0.24,5.23,42.05,42.6,False,False,False,False,True,mgo,
B1/E08-049/JAS/11,E08-049,9.0,10.0,1.0,1,0.24,5.19,42.26,42.93,False,False,False,False,True,mgo,
B1/E08-049/JAS/12,E08-049,10.0,11.0,1.0,1,0.25,5.45,41.23,42.48,False,False,False,False,True,mgo,
B1/E08-049/JAS/13,E08-049,11.0,12.0,1.0,1,0.25,5.45,41.23,42.48,False,False,False,False,True,mgo,
B1/E08-051/JAS/13,E08-051,10.0,11.0,1.0,1,0.28,5.69,41.03,44.31,False,False,False,False,True,mgo,
B1/E08-051/JAS/14,E08-051,11.0,12.0,1.0,1,0.28,5.51,41.44,44.4,False,False,False,False,True,mgo,
B1/E08-051/JAS/15,E08-051,12.0,12.4,0.4,1,0.29,5.85,40.67,42.5,False,False,False,False,True,mgo,
B1/E08-051/JAS/16,E08-051,12.4,13.0,0.6,1,0.39,5.65,40.99,43.49,False,False,False,False,True,mgo,
B1/E08-051/JAS/17,E08-051,13.0,13.5,0.5,1,0.35,5.72,42.23,42.6,False,False,False,False,True,mgo,
B1/E08-051/JAS/18,E08-051,13.5,14.0,0.5,1,0.25,5.43,45.2,42.9,False,False,False,False,True,mgo,
B1/E08-051/JAS/19,E08-051,14.0,15.0,1.0,1,0.24,5.26,49.3,42.87,False,False,False,False,True,mgo,
B1/E08-053/JAS/19,E08-053,12.0,13.0,1.0,1,0.26,6.17,44.31,46.39,False,False,False,False,True,mgo,
B1/E08-053/JAS/25,E08-053,17.0,17.57,0.57,1,0.25,5.25,40.58,45.75,False,False,False,False,True,mgo,
B1/E08-053/JAS/26,E08-053,17.57,18.0,0.43,1,0.25,5.28,41.36,44.37,False,False,False,False,True,mgo,
B1/E08-053/JAS/27,E08-053,18.0,18.5,0.5,1,0.25,5.31,40.11,45.79,False,False,False,False,True,mgo,
B1/E08-053/JAS/28,E08-053,18.5,19.0,0.5,1,0.26,5.28,43.89,42.33,False,False,False,False,True,mgo,
B1/E08-053/JAS/29,E08-053,19.0,20.0,1.0,1,0.25,5.24,42.46,45.34,False,False,False,False,True,mgo,
B1/E08-053/JAS/30,E08-053,20.0,21.0,1.0,1,0.23,4.87,41.42,47.59,False,False,False,False,True,mgo,
B1/E08-055/JAS/02,E08-055,0.74,1.0,0.26,1,0.42,5.99,40.7,41.79,False,False,False,False,True,mgo,
B1/E08-055/JAS/20,E08-055,15.0,15.6,0.6,1,0.25,5.37,41.41,42.31,False,False,False,False,True,mgo,
B1/E08-055/JAS/21,E08-055,15.6,16.0,0.4,1,0.26,5.64,40.41,43.28,False,False,False,False,True,mgo,
B1/E08-081/JAS/19,E08-081,15.74,16.0,0.26,1,0.25,5.58,41.37,41.98,False,False,False,False,True,mgo,
B1/E08-081/JAS/21,E08-081,17.0,18.0,1.0,1,0.27,5.78,41.95,42.16,False,False,False,False,True,mgo,
B1/E08-081/JAS/22,E08-081,18.0,18.6,0.6,1,0.26,5.81,40.47,43.25,False,False,False,False,True,mgo,
B1/E08-081/JAS/23,E08-081,18.6,19.0,0.4,1,0.25,5.7,41.05,43.67,False,False,False,False,True,mgo,
B1/E08-081/JAS/24,E08-081,19.0,20.0,1.0,1,0.26,5.35,44.38,42.43,False,False,False,False,True,mgo,
B1/E08-081/JAS/25,E08-081,20.0,21.0,1.0,1,0.26,5.63,42.7,41.64,False,False,False,False,True,mgo,
B1/E08-081/JAS/26,E08-081,21.0,21.45,0.45,1,0.26,5.41,44.13,41.43,False,False,False,False,True,mgo,
B1/E08-081/JAS/27,E08-081,21.45,22.0,0.55,1,0.25,5.4,44.0,41.1,False,False,False,False,True,mgo,
B1/E08-081/JAS/28,E08-081,22.0,23.0,1.0,1,0.26,5.51,43.18,41.53,False,False,False,False,True,mgo,
B1/E08-081/JAS/29,E08-081,23.0,23.45,0.45,1,0.25,5.15,43.78,41.47,False,False,False,False,True,mgo,
B1/E08-081/JAS/30,E08-081,23.45,24.0,0.55,1,0.24,5.08,44.64,41.46,False,False,False,False,True,mgo,
B1/E08-085/JAS/10,E08-085,8.3,9.0,0.4,0.571428571,0.28,5.78,45.78,45.89,False,False,False,False,True,mgo,
B1/E08-113/JAS/10,E08-113,8.0,9.0,1.0,1,0.38,7.85,41.46,44.65,False,False,False,False,True,mgo,
B1/E08-113/JAS/18,E08-113,13.0,13.35,0.35,1,0.26,5.75,41.15,41.39,False,False,False,False,True,mgo,
B1/E08-113/JAS/23,E08-113,17.0,18.0,1.0,1,0.26,5.91,41.28,43.33,False,False,False,False,True,mgo,
B1/E08-113/JAS/27,E08-113,20.0,20.75,0.75,1,0.24,5.54,40.22,41.67,False,False,False,False,True,mgo,
B1/E08-113/JAS/28,E08-113,20.75,21.0,0.25,1,0.25,5.62,40.02,41.81,False,False,False,False,True,mgo,
B1/E08-113/JAS/29,E08-113,21.0,22.0,1.0,1,0.26,5.7,40.31,41.7,False,False,False,False,True,mgo,
B1/E08-117/JAS/09,E08-117,8.0,8.25,0.25,1,0.25,5.55,40.64,39.38,False,False,False,False,True,mgo,
B1/E08-126/JAS/05,E08-126,3.0,3.44,0.4,0.909090909,0.49,6.4,40.07,43.67,False,False,False,False,True,mgo,
B1/E08-145/JAS/22,E08-145,13.0,14.0,1.0,1,0.27,6.42,42.81,44.6,False,False,False,False,True,mgo,
B1/E08-145/JAS/23,E08-145,14.0,15.0,1.0,1,0.25,5.57,40.35,43.63,False,False,False,False,True,mgo,
B1/E08-145/JAS/24,E08-145,15.0,16.0,1.0,1,0.25,5.65,40.77,42.02,False,False,False,False,True,mgo,
B1/E08-145/JAS/25,E08-145,16.0,17.0,1.0,1,0.25,5.65,40.77,42.02,False,False,False,False,True,mgo,
B1/E08-160/JAS/20,E08-160,17.0,18.0,1.0,1,0.28,6.37,40.4,43.77,False,False,False,False,True,mgo,
B1/E08-185/JAS/08,E08-185,6.0,6.69,0.69,1,0.3,6.93,41.5,45.91,False,False,False,False,True,mgo,
B1/E08-185/JAS/13,E08-185,9.0,10.0,1.0,1,0.29,6.13,40.97,45.13,False,False,False,False,True,mgo,
B1/E09-031/JAS/08,E09-031,5.0,5.26,0.26,1,0.45,5.82,40.68,41.04,False,False,False,False,True,mgo,
B1/F07-002/JAS/16,F07-002,15.0,15.8,0.8,1,0.36,6.56,41.34,41.89,False,False,False,False,True,mgo,
B1/F07-033/JAS/20,F07-033,19.0,20.0,1.0,1,0.27,6.18,40.83,43.64,False,False,False,False,True,mgo,
B1/F07-035/JAS/12,F07-035,11.0,12.0,1.0,1,1.38,9.5,49.19,41.0,False,False,False,False,True,mgo,
B1/F07-070/JAS/09,F07-070,6.7,7.17,0.47,1,0.96,3.35,51.69,48.34,False,False,False,False,True,mgo,
B1/F07-104/JAS/18,F07-104,12.0,12.55,0.55,1,0.22,6.59,44.0,44.28,False,False,False,False,True,mgo,
B1/F07-135/JAS/15,F07-135,13.0,14.0,1.0,1,0.47,8.2,40.38,43.59,False,False,False,False,True,mgo,
B1/F07-135/JAS/16,F07-135,14.0,15.0,0.9,0.9,0.32,6.72,41.77,43.41,False,False,False,False,True,mgo,
B1/F07-135/JAS/18,F07-135,16.0,17.0,1.0,1,0.35,7.2,41.58,42.86,False,False,False,False,True,mgo,
B1/F07-135/JAS/20,F07-135,18.0,19.0,1.0,1,0.29,6.0,42.1,42.88,False,False,False,False,True,mgo,
B1/F07-135/JAS/22,F07-135,20.0,21.0,1.0,1,0.28,6.24,40.28,43.34,False,False,False,False,True,mgo,
B1/F07-167/JAS/08,F07-167,6.5,7.0,0.5,1,0.42,7.91,55.74,45.1,False,False,False,False,True,mgo,
B1/F07-199/JAS/03,F07-199,1.6,2.0,0.4,1,0.57,7.86,52.31,45.32,False,False,False,False,True,mgo,
B1/F07-199/JAS/04,F07-199,2.0,2.6,0.6,1,0.34,6.99,55.65,46.16,False,False,False,False,True,mgo,
B1/F07-199/JAS/05,F07-199,2.6,3.0,0.4,1,0.34,6.99,55.65,46.16,False,False,False,False,True,mgo,
B1/F07-199/JAS/06,F07-199,3.0,4.0,1.0,1,0.34,6.99,55.65,46.16,False,False,False,False,True,mgo,
B1/F07-199/JAS/07,F07-199,4.0,5.0,1.0,1,0.34,6.99,55.65,46.16,False,False,False,False,True,mgo,
B1/F07-225/JAS/06,F07-225,5.0,6.0,1.0,1,0.27,5.88,42.14,43.17,False,False,False,False,True,mgo,
B1/F07-225/JAS/07,F07-225,6.0,7.0,1.0,1,0.28,5.95,40.85,42.62,False,False,False,False,True,mgo,
B1/F07-225/JAS/08,F07-225,7.0,8.0,1.0,1,0.25,5.49,42.09,43.63,False,False,False,False,True,mgo,
B1/F07-227/JAS/09,F07-227,7.0,8.0,1.0,1,0.26,5.87,41.16,42.28,False,False,False,False,True,mgo,
B1/F07-227/JAS/10,F07-227,8.0,9.0,1.0,1,0.25,5.64,42.39,42.38,False,False,False,False,True,mgo,
B1/F07-227/JAS/11,F07-227,9.0,9.5,0.5,1,0.27,5.95,41.7,41.61,False,False,False,False,True,mgo,
B1/F08-097/JAS/05,F08-097,4.0,5.0,1.0,1,0.34,5.84,43.24,38.79,False,False,False,False,True,mgo,
B1/F08-133/JAS/07,F08-133,5.0,6.0,1.0,1,0.25,6.09,77.55,43.44,False,False,False,False,True,mgo,
B1/F08-162/JAS/10,F08-162,7.0,7.55,0.55,1,0.3,4.69,40.07,42.15,False,False,False,False,True,mgo,
B1/F08-167/JAS/02,F08-167,0.72,1.0,0.28,1,0.56,5.46,41.91,40.1,False,False,False,False,True,mgo,
B1/F08-197/JAS/04,F08-197,2.53,3.0,0.47,1,0.78,5.43,40.66,41.46,False,False,False,False,True,mgo,
B1/F08-198/JAS/05,F08-198,3.6,4.0,0.4,1,0.32,5.34,40.01,40.82,False,False,False,False,True,mgo,
B1/F08-198/JAS/10,F08-198,7.0,8.0,1.0,1,0.35,5.62,40.45,39.99,False,False,False,False,True,mgo,
B1/F08-198/JAS/11,F08-198,8.0,8.3,0.3,1,0.35,5.5,40.11,41.43,False,False,False,False,True,mgo,
B1/F08-199/JAS/06,F08-199,4.88,5.16,0.28,1,0.34,5.72,43.25,41.23,False,False,False,False,True,mgo,
B1/F08-199/JAS/07,F08-199,5.16,6.0,0.84,1,0.68,8.15,47.51,47.4,False,False,False,False,True,mgo,
B1/F08-199/JAS/08,F08-199,6.0,7.0,1.0,1,0.53,9.87,40.43,46.84,False,False,False,False,True,mgo,
B1/F08-199/JAS/10,F08-199,8.0,9.0,1.0,1,0.36,7.42,49.44,48.05,False,False,False,False,True,mgo,
B1/F08-204/JAS/02,F08-204,1.0,2.0,1.0,1,0.27,9.4,40.97,57.72,False,False,False,False,True,mgo,
B1/F08-207/JAS/04,F08-207,3.0,4.0,1.0,1,1.94,10.54,41.86,42.02,False,False,False,False,True,mgo,
B1/F08-207/JAS/05,F08-207,4.0,5.0,1.0,1,1.65,11.51,42.43,41.04,False,False,False,False,True,mgo,
B1/F08-207/JAS/07,F08-207,5.55,6.0,0.45,1,0.94,7.2,58.51,44.34,False,False,False,False,True,mgo,
B1/F08-207/JAS/09,F08-207,7.0,8.0,1.0,1,1.38,5.93,43.85,45.61,False,False,False,False,True,mgo,
B1/F08-231/JAS/19,F08-231,16.27,17.15,0.88,1,0.46,8.59,42.35,47.19,False,False,False,False,True,mgo,
B1/F08-231/JAS/20,F08-231,17.15,18.0,0.85,1,0.46,8.59,42.35,47.19,False,False,False,False,True,mgo,
B1/F08-231/JAS/21,F08-231,18.0,18.25,0.25,1,0.46,8.59,42.35,47.19,False,False,False,False,True,mgo,
B1/F08-233/JAS/06,F08-233,4.4,5.0,0.6,1,0.27,5.86,43.44,40.7,False,False,False,False,True,mgo,
B1/F08-233/JAS/07,F08-233,5.0,6.0,1.0,1,0.27,5.86,43.44,40.7,False,False,False,False,True,mgo,
B1/F08-233/JAS/08,F08-233,6.0,6.4,0.4,1,0.27,5.86,43.44,40.7,False,False,False,False,True,mgo,
B1/F08-235/JAS/07,F08-235,5.34,6.0,0.66,1,0.25,6.09,77.55,43.44,False,False,False,False,True,mgo,
B1/F08-235/JAS/08,F08-235,6.0,7.0,1.0,1,0.25,6.09,77.55,43.44,False,False,False,False,True,mgo,
B1/F08-235/JAS/09,F08-235,7.0,7.35,0.35,1,0.25,6.09,77.55,43.44,False,False,False,False,True,mgo,
B1/F08-237/JAS/10,F08-237,7.47,8.0,0.53,1,0.9,4.97,70.97,49.73,False,False,False,False,True,mgo,
B1/F08-237/JAS/11,F08-237,8.0,9.0,1.0,1,0.65,5.39,80.96,44.57,False,False,False,False,True,mgo,
B1/F08-237/JAS/12,F08-237,9.0,10.0,1.0,1,0.18,5.17,88.33,43.49,False,False,False,False,True,mgo,
B1/F08-239/JAS/07,F08-239,6.0,7.0,1.0,1,1.16,7.01,40.59,40.91,False,False,False,False,True,mgo,
B1/F08-240/JAS/10,F08-240,9.0,10.0,1.0,1,0.2,4.02,40.2,48.03,False,False,False,False,True,mgo,
B1/F08-240/JAS/11,F08-240,10.0,11.0,1.0,1,0.25,4.86,41.5,43.78,False,False,False,False,True,mgo,
B1/F09-010/JAS/08,F09-010,4.34,5.0,0.66,1,1.41,4.64,40.32,44.14,False,False,False,False,True,mgo,
B1/F09-011/JAS/08,F09-011,6.0,7.0,1.0,1,0.8,5.88,41.66,51.03,False,False,False,False,True,mgo,
B1/F09-011/JAS/09,F09-011,7.0,7.53,0.53,1,0.31,6.19,46.23,51.85,False,False,False,False,True,mgo,
B1/F09-011/JAS/10,F09-011,7.53,8.0,0.47,1,0.31,6.19,46.23,51.85,False,False,False,False,True,mgo,
B1/F09-011/JAS/11,F09-011,8.0,9.3,1.3,1,0.31,6.19,46.23,51.85,False,False,False,False,True,mgo,
B1/F09-013/JAS/06,F09-013,4.25,5.0,0.75,1,0.79,8.86,75.17,39.9,False,False,False,False,True,mgo,
B1/F09-013/JAS/07,F09-013,5.0,6.0,1.0,1,0.51,6.2,76.97,42.14,False,False,False,False,True,mgo,
B1/F09-013/JAS/08,F09-013,6.0,6.3,0.3,1,0.37,8.03,47.0,44.43,False,False,False,False,True,mgo,
B1/F09-013/JAS/09,F09-013,6.3,7.0,0.7,1,0.37,8.03,47.0,44.43,False,False,False,False,True,mgo,
B1/F09-013/JAS/10,F09-013,7.0,8.0,1.0,1,0.37,8.03,47.0,44.43,False,False,False,False,True,mgo,
B1/F09-013/JAS/11,F09-013,8.0,8.3,0.3,1,0.37,8.03,47.0,44.43,False,False,False,False,True,mgo,
B1/F09-015/JAS/05,F09-015,4.15,5.0,0.85,1,0.39,7.52,41.45,45.63,False,False,False,False,True,mgo,
B1/F09-015/JAS/06,F09-015,5.0,5.7,0.7,1,0.39,7.52,41.45,45.63,False,False,False,False,True,mgo,
B1/F09-034/JAS/11,F09-034,8.3,9.0,0.3,0.428571429,0.34,5.59,45.18,41.49,False,False,False,False,True,mgo,
B1/F09-044/JAS/13,F09-044,11.4,12.0,0.6,1,0.2,4.62,46.41,42.5,False,False,False,False,True,mgo,
B1/F09-045/JAS/03,F09-045,2.0,3.0,1.0,1,0.39,7.52,41.45,45.63,False,False,False,False,True,mgo,
B1/F09-045/JAS/04,F09-045,3.0,3.5,0.5,1,0.29,5.84,44.8,47.24,False,False,False,False,True,mgo,
B1/F09-046/JAS/13,F09-046,8.0,8.5,0.5,1,0.24,5.83,41.47,42.43,False,False,False,False,True,mgo,
B1/F09-073/JAS/03,F09-073,2.0,3.0,1.0,1,1.16,8.08,48.57,44.27,False,False,False,False,True,mgo,
B1/F09-075/JAS/03,F09-075,2.0,2.7,0.7,1,0.41,6.77,41.52,45.58,False,False,False,False,True,mgo,
B1/F09-075/JAS/04,F09-075,2.7,3.0,0.3,1,0.41,6.77,41.52,45.58,False,False,False,False,True,mgo,
B1/F09-075/JAS/05,F09-075,3.0,4.0,1.0,1,0.41,6.77,41.52,45.58,False,False,False,False,True,mgo,
B1/F09-075/JAS/06,F09-075,4.0,4.5,0.5,1,0.41,6.77,41.52,45.58,False,False,False,False,True,mgo,
B1/F09-079/JAS/03,F09-079,1.0,2.0,1.0,1,0.76,10.34,59.12,39.83,False,False,False,False,True,mgo,
B1/F09-079/JAS/04,F09-079,2.0,3.0,1.0,1,0.84,10.23,44.56,42.15,False,False,False,False,True,mgo,
B1/F09-079/JAS/07,F09-079,5.0,6.0,1.0,1,0.57,7.52,49.86,44.82,False,False,False,False,True,mgo,
B1/F09-079/JAS/08,F09-079,6.0,7.0,1.0,1,0.27,7.24,64.46,43.57,False,False,False,False,True,mgo,
B1/F09-079/JAS/09,F09-079,7.0,7.45,0.45,1,0.22,7.45,66.03,47.24,False,False,False,False,True,mgo,
B1/F09-079/JAS/10,F09-079,7.45,8.0,0.55,1,0.22,7.45,66.03,47.24,False,False,False,False,True,mgo,
B1/F09-079/JAS/11,F09-079,8.0,9.0,1.0,1,0.22,7.45,66.03,47.24,False,False,False,False,True,mgo,
B1/F09-079/JAS/12,F09-079,9.0,9.45,0.45,1,0.22,7.45,66.03,47.24,False,False,False,False,True,mgo,
B1/F09-169/JAS/04,F09-169,2.3,3.0,0.7,1,0.66,4.93,40.59,40.9,False,False,False,False,True,mgo,
B1/F09-169/JAS/05,F09-169,3.0,4.0,1.0,1,0.33,4.79,42.48,40.71,False,False,False,False,True,mgo,
B1/E07-023i/JAS/08,E07-023i,7.0,8.0,1.0,1,0.385,5.909,5.692,61.003,False,False,False,False,False,sio2,True
B1/E07-026/JAS/03,E07-026,1.3,2.12,0.82,1,0.17,5.93,44.82,87.8,False,False,False,False,True,sio2,True
B1/E07-057/JAS/04,E07-057,3.0,4.0,1.0,1,0.28,12.63,1.26,69.89,False,False,False,False,False,sio2,True
B1/E07-121/JAS/09,E07-121,8.0,8.4,0.4,1,0.62,2.68,25.77,76.39,False,False,False,False,False,sio2,True
B1/E09-032/JAS/10,E09-032,8.8,9.0,0.2,1,1.33,8.5,31.17,70.62,False,False,False,False,False,sio2,True
B1/F07-194/JAS/02,F07-194,1.0,2.0,0.3,0.3,0.16,5.68,8.11,83.01,False,False,False,False,False,sio2,True
B1/F07-196/JAS/05,F07-196,4.0,5.0,1.0,1,0.25,13.49,16.98,63.88,False,False,False,False,False,sio2,True
B1/F08-204i/JAS/02,F08-204i,1.0,2.0,0.4,0.4,0.201,6.11,2.372,63.569,False,False,False,False,False,sio2,True
B1/F08-204i/JAS/04,F08-204i,3.0,4.0,1.0,1,0.283,6.738,2.001,64.098,False,False,False,False,False,sio2,True
B1/F08-237/JAS/02,F08-237,1.0,2.0,0.47,0.47,0.36,13.92,4.54,68.15,False,False,False,False,False,sio2,True
B1/F08-237/JAS/03,F08-237,2.0,3.0,0.28,0.28,0.58,13.87,7.12,63.09,False,False,False,False,False,sio2,True
B1/F08-237/JAS/06,F08-237,5.0,5.25,0.25,1,0.32,0.63,16.95,112.78,False,False,False,False,False,sio2,True
B1/F08-237/JAS/07,F08-237,5.25,6.0,0.75,1,1.0,6.62,21.87,63.2,False,False,False,False,False,sio2,True
B1/F08-237/JAS/08,F08-237,6.0,7.0,1.0,1,0.69,7.62,12.2,76.42,False,False,False,False,False,sio2,True
B1/F08-237/JAS/09,F08-237,7.0,7.47,0.47,1,0.6,8.93,6.07,82.65,False,False,False,False,False,sio2,True
B1/F09-003/JAS/14,F09-003,10.0,11.0,1.0,1,0.76,10.02,15.46,63.78,False,False,False,False,False,sio2,True
B1/F09-013/JAS/05,F09-013,4.0,4.25,0.25,1,0.49,14.66,2.62,67.25,False,False,False,False,False,sio2,True
B1/F09-100/JAS/03,F09-100,2.0,2.2,0.2,1,0.25,2.39,12.95,83.76,False,False,False,False,False,sio2,True
B1/F09-103/JAS/04,F09-103,2.0,2.4,0.4,1,1.31,1.47,7.17,71.76,False,False,False,False,False,sio2,True
B1/F09-103/JAS/05,F09-103,2.4,3.0,0.6,1,0.15,2.99,2.24,106.91,False,False,False,False,False,sio2,True
